userName,mentionName
hikaru姬,@Mr_凡先生 
雨漫倾,@世面 
Aecho9,@王孟源dudu 
Aecho9,@王孟源dudu 
NBAshley,@三维地图看世界 
梅花竹影入梦乡,@校长梁山 
宋雅庭,@涨乐财富通 
澜析,@日本国驻华大使馆 
lanhf519,@iDaily每日视野 
四川省崇州监狱,@法治四川
四川省崇州监狱,@四川监狱 
沉默英雄gq,@校长梁山 
wb傻b真多,@日本国驻华大使馆 
静静的葫水,@网易新闻客户端 
山西教育靳,@人民日报 
四川省崇州监狱,@法治四川
四川省崇州监狱,@四川监狱 
品稻,@iDaily每日视野 
洲济捣蛋,@爱股票APP 
四川省崇州监狱,@法治四川
四川省崇州监狱,@四川监狱 
四川省崇州监狱,@法治四川
四川省崇州监狱,@四川监狱 
Kilo_wong,@科学松鼠会 
红日出山河,@快手 
sean_rin,@央视网 
微云影视基因家族家谱解读,@快手 
种花家的超级大白兔,@日本国驻华大使馆 
芙拉_flouri,@美国驻华大使馆 
白面馒头00,@央视网 
JoJo_黄金之风,@竹内亮导演 
雷侯孝賢,@中国政府网 
big5156247,@日本国驻华大使馆 
贺兰山下采石人,@瘦驼 
能换歌发,@凤凰新闻客户端 
流家新风成雅,@网易新闻客户端 
恋恋2020,@世面 
洗心68525,@快手 
笔底明珠无处卖,@罗永浩 
Blade是天才,@快手 
风视频,@凤凰网
风视频,@凤凰网视频
风视频,@凤凰周刊
风视频,@凤凰新闻客户端 
敬爱的爱,@金典SATINE
敬爱的爱,@那英 
爱踩椭圆机的核桃,@央视网 
方步侠2021,@iDaily每日视野 
追梦的人2770560683,@快手 
太空堡垒1984,@网易新闻客户端 
扬然随风起,@央视网 
鹿荷子,@央视网 
dxpll_40051,@网易新闻） 
dxpll_40051,@网易新闻） 
balalabaaa,@央视网 
毛公益,@毛二王 
精彩看河南,@毛二王 
精彩看河南,@毛二王 
郑州郑事,@毛二王 
ysoooaN,@想退休的Am了个ber 
河南王卫军,@毛二王 
李小科13659987275,@腾讯新闻 
庞亚辉感悟营销,@凤凰新闻客户端 
春路丝雨_q6a,"@酷狗音乐）,你也来听听吧! "
漍煒,@美国驻华大使馆 
疯狂的山羊70,@腾讯新闻他接替日本人当了这个总干事，现在是在做回报吧！败类！ 
24号楼下的白杨,@急诊向日葵艾芬
24号楼下的白杨,@说好的5872 
恶人碧斯,@观察网 
lunar9903,@外交部发言人办公室
lunar9903,@浦奕安
lunar9903,@牛弹琴
lunar9903,@日本国驻华大使馆 
马甫兵2016,@凤凰新闻客户端 
小猪狗狗zc,@寡情薄倖宅幽霜 
祈祷地,@腾讯新闻 
陶短房,@RRZZ 
陨石之谜123,@日本傻事 
牛市信仰,@日本国驻华大使馆 
钢铁豆腐块,@科学火箭叔)L科学火箭叔的微博视频 
中括号没有心,@凤凰网国际速递 
小九珍珠,@海客新闻 
一条蔡鲲,@日本国驻华大使馆 
Trigger杨,@中国政府网
Trigger杨,@中国日报 
zm十字JUN团,@北京卫视
zm十字JUN团,@每日经济新闻
zm十字JUN团,@央视财经
zm十字JUN团,@观察者网
zm十字JUN团,@中国新闻周刊
zm十字JUN团,@新华社中国网事
zm十字JUN团,@人民日报数字传播 
classic6,@日本傻事 
风语智者739,@网易新闻客户端 
EdmondYuZ,@凤凰网国际速递 
兕鼍吼,@一领淡鹅黄 
云次方浪浪钉GC女孩马佳惹,@寡情薄倖宅幽霜 
缓归矣2018,@寡情薄倖宅幽霜 
AC蓦然回首,@腾讯视频 
郭桑人柱力,@菅义伟 
你的好友阿朱,@五岳散人 
政中评论,@外交部发言人办公室
政中评论,@浦奕安
政中评论,@牛弹琴
政中评论,@日本国驻华大使馆 
桂哥猎手VIP777,@外交部发言人办公室
桂哥猎手VIP777,@赵立坚个人微博 
enbytudfuin,@五岳散人 
简控官,@日本傻事 
毛毛可爱多多,@日本傻事 
透雨露看蔷薇,@新华网 
陕A_小南,@寡情薄倖宅幽霜 
用户大屿山下,@快手 
classic6,@五岳散人 
桂哥猎手VIP777,@科学火箭叔)L科学火箭叔的微博视频 
一点五八,@中新视频 
统总大时临山中孙,@毒角SHOW
统总大时临山中孙,@胖哥杨力 
野生大橘猫,@凤凰网国际速递 
Lucky_146km,@海客新闻 
泉州蟳埔人,@凤凰网国际速递 
廈門皇馬球迷協會,@日本傻事 
澄明之瞳,@头条新闻 
北极星35425,@寡情薄倖宅幽霜 
京城张宝,@日本傻事 
朵朵兜里有糖,@R1SE-任豪 
一位不知名的英俊网友,@R1SE-任豪
一位不知名的英俊网友,@王志文Kane 
生在种花家的老张,@日本国驻华大使馆 
菜鸟军虫,@央视网视频 
小徐今天更好了吗_,@R1SE-任豪
小徐今天更好了吗_,@王志文Kane 
用户7583435150,@Weocia 
小徐今天更好了吗_,@R1SE-任豪
小徐今天更好了吗_,@王志文Kane 
我是偷国人,@王志文Kane 
孟婆喝汤不吃药,@R1SE-任豪 
学物理挺好的就是学不懂,@微博科普
学物理挺好的就是学不懂,@微博热点
学物理挺好的就是学不懂,@微博视频 
满脸雀斑大胖丫的儿,@五岳散人 
Q_xx9,@R1SE-任豪 
希尔今天做什么啦,@日本傻事 
红河玻璃心,@快手 
红河玻璃心,@快手 
红河玻璃心,@快手 
我年纪小我可爱大家都喜欢我,@R1SE-任豪 
太子的85号御前侍卫,@R1SE-任豪 
何珊瑶,@
何珊瑶,@ 
_東林_,@王志文Kane
_東林_,@R1SE-任豪 
发现周口,@新京报动新闻L新京报动新闻的微博视频 
小田睡不醒M,@哇唧唧哇 
XuDexxer,@兔兔耳朵耳朵 
段宇钦,@中新视频 
王玉洁爸爸就是我,@王玉洁的妈妈2014不要脸 
桂哥猎手VIP777,@外交部发言人办公室
桂哥猎手VIP777,@赵立坚个人微博 
真不靠谱啊BJ,@陶短房 
文鋒而來一影音E時代,@文鋒而來一影音E時代】 
宝鸡文理学院政法学院团总支,@宝鸡文理学院
宝鸡文理学院政法学院团总支,@宝鸡文理学院电气学院团总支
宝鸡文理学院政法学院团总支,@BMDcS
宝鸡文理学院政法学院团总支,@Toys77- 
ArmedRodent,@日本国驻华大使馆 
共你此生三月花,@共青团中央。@人民日报。 
资深不知名博主,@R1SE-任豪 
吉祥g_,@快手 
Brigitte喵喵,@左手王ZSW 
几许往事云烟里,@陶短房 
池州学院机电工程学院青协,@人民日报
池州学院机电工程学院青协,@池州学院学生会
池州学院机电工程学院青协,@池州学院团委
池州学院机电工程学院青协,@池州学院机电新青年
池州学院机电工程学院青协,@阿力023 
我们啊土匪,@褚明宇 
太空堡垒1985,@sven_shi 
柳林的小屋,@爱股票APP) 
新京报动新闻,@新京报 
徽州反邪教,@新华网 
阿sir木木,@搜狐新闻客户端）搜狐新闻客户端 
nbxu007,@日本大使馆 
哇噻东风来,@哇噻东风来: 
坦诚的神秘,@褚明宇 
徽州反邪教,@人民视频 
徽州反邪教,@环球资讯 
文鋒而來一影音E時代,@文鋒而來一影音E時代】 
云天远行遥望,@新浪财经 
物种起源之我是什么,@外卖内幕揭秘君：“倭子国，最是反复无常之国。其人，甚卑贱，不知世上有恩谊，只一味慑于武威，故尔，不得对其有稍许好颜色” 
chuck_unicorn,@褚明宇 
大海水-族群,@胡锡进
大海水-族群,@赵立坚个人微博 
成都交通文艺广播,@人民日报 
衝鋒号角,@赵立坚个人微博 
蓬溪大厦,@褚明宇 
郎务你,@腾讯新闻 
郎务你,@腾讯新闻 
法治四川,@人民日报 
云天远行遥望,@新浪财经 
MW心际星河,@腾讯新闻 
特辣辣辣辣,@共青团西南医科大学委员会微博 
华夏近卫军,@日本国驻华大使馆 
海豚的心事,@褚明宇 
骑驴唱歌吃火锅,@新浪财经 
可爱加美丽,@R1SE-任豪
可爱加美丽,@王志文Kane 
梦angell,@快手 
内蒙古反邪教,@央视网视频L小央视频的微博视频 
汤子曰2100,@央视网快看 
不周山风,@赵云龙
不周山风,@为有书香来
不周山风,@天中捕快
不周山风,@巅峰倦客
不周山风,@河南网信 
九倍魔法师,@腾讯新闻 
李Xue新,@R1SE-任豪 
冰山来客的围脖,@王孟源dudu 
汽车行业先锋,@褚明宇 
珍惜友情8763,@腾讯新闻 
山谷20999,@快手 
新浪内蒙古,@央视网视频L小央视频的微博视频 
小菜一碟己被占用,@褚明宇 
秋枫白林,@褚明宇 
活土匪1985,@褚明宇 
巨人w,@褚明宇 
张佐领,@王孟源dudu 
轶夫当观,@人民视频 
你好vvjkb,@褚明宇 
祈祷地,@腾讯新闻 
新闻晨报,@人民日报 
用户7587230550兰领,@快手 
孙霖sunlin,@褚明宇 
xiaoju321,@二总 
难留少年时,@褚明宇 
叁叁叁叁叁寿,@褚明宇 
铃RingRRR,@央视网快看 
用户6733364051,@腾讯新闻 
董律师合肥,@赵鹏飞: 
sven_shi,@小招的铲屎官 
富农人,@凤凰新闻客户端 
枪-和玫瑰,@王孟源dudu 
北京日报,@人民网 
梁成18376,@快手 
hyman_hu201712,@一点资讯）O外交部部长助理召见日本驻华大使 
昊子论点,@日本国驻华大使馆
昊子论点,@日本国驻华大使馆
昊子论点,@日本国驻华大使馆 
寿光市融媒体中心,@人民日报 
超级开心最重要,@知乎 
用户7319518036,@腾讯视频 
齐鲁晚报,@人民日报 
Ricky_在路上,@褚明宇 
霁forever,@哇唧唧哇
霁forever,@R1SE官博
霁forever,@哇唧唧哇 
竹石的善良,@央视新闻 
科技日报,@新华视点 
独行骑士·Lwf,@一点资讯）O拜登真要力挺日本排核废水？菅义伟实在太天真，美国还留了一手 
蓝灰少年,@褚明宇 
风语智者739,@网易新闻客户端 
羡野立东风,@R1SE-任豪 
记者许文德,@快手 
上R见囍,@央视网 
下雨要发霉的涛涛,@这视频 
FM963,@凤凰网  
审知逆顺,@这视频 
梦幻月野兔x,@vvmwmvv 
fatty兔子,@R1SE-姚琛
fatty兔子,@R1SE-任豪 
BeomBeom_Max,@微博抽奖平台 
思茅微博-中国茶城,@人民视频 
明日快1周,@央视网 
耐人人儿,@这视频 
宁夏反邪教,@央视网 
上山打虎ls,@天涯社区） 
大方噢,@日谈公园
大方噢,@李淼李三水 
ruby篮宝石,@世面 
风语智者739,@网易新闻客户端 
三世冷月,@这视频 
YingYue_Liu,@R1SE-姚琛 
猫在天上飞啊,@这视频 
风语智者739,@网易新闻客户端 
仁兼博,@快手 
法治承德,@央视网 
平和島与静雄,@这视频 
南京广播电视台,@央视网 
新闻晨报,@央视网 
hushui_41835,@这视频 
小锦今天也想减肥,@创造营2021-伯远 
爱马达的柠檬,@这视频 
我的草原我的梦,@我是佩儿
我的草原我的梦,@幽灵满世界彩虹
我的草原我的梦,@说好的5872 
Rocky-小东,@日本国驻华大使馆 
严爸775,@一点资讯）O10年前，那个喝了福岛核电站净化核废水的日本高官，现今状况如何 
太阳骑士233,@微丢 
风视频,@凤凰网
风视频,@凤凰新闻客户端
风视频,@凤凰网视频
风视频,@凤凰周刊 
眠眠意,@创造营2021-伯远 
用户6391216595,@快手 
不合格苞谷,@这视频 
__十一曝丶,@山东外事
__十一曝丶,@中国长安网 
Aphew,@这视频 
廊坊市生态环境局安次区分局,@新华社 
玩机技巧与MIUI测评,@快手 
MKriste_,@头条新闻 
桃枝奈子-,@ 
橘月夜,@这视频 
铜仁日报,@凤凰网 
zerofabric,@漩涡视频 
青青青云云,@这视频 
用户7583598298,@ForestApp 
酥绿_,@R1SE-姚琛
酥绿_,@R1SE-任豪 
火锅馅的包子99,@央视网 
广州新闻电台FM962,@这视频 
用户osl75vxthn,@百度贴吧） 
24号楼下的白杨,@我是佩儿
24号楼下的白杨,@幽灵满世界彩虹
24号楼下的白杨,@说好的5872 
青春虚谷81915,@快手 
田地一沙丘,@这视频 
LaFemmeNikita_,@这视频 
A手机售卖,@快手 
想当球鞋收藏家的穷人,@抖音小助手 
rosealma2,@我是佩儿
rosealma2,@幽灵满世界彩虹
rosealma2,@说好的5872 
飞象and山羊,@中国日报网 
藉草携壶,@五岳散人 
一望时刻,@褚明宇 
为什么不吃红烧土豆,@R1SE-姚琛
为什么不吃红烧土豆,@R1SE-任豪 
OneTheRoad,@山东外事
OneTheRoad,@中国长安网 
北京广播,@央视频 
皮眼看世界,@全球图个鲜） 
weiwei196330,@褚明宇 
随心而孤,@R1SE-姚琛
随心而孤,@R1SE-任豪 
沸兔兔,@微丢  
一碗无量,@世面 
大葱鱼子酱,@R1SE-姚琛 
西青检察官,@这视频 
有心人18266528387,@人民网 
