region,location
"Beijing, China",109
United States,72
Earth,50
"Tokyo, Japan",46
Beijing,45
Hong Kong,45
London,42
USA,31
Tokyo,30
ä¸­åäººæ°‘å…±å’Œå›½,27
India,25
People's Republic of China,24
"åŒ—äº¬, ä¸­åäººæ°‘å…±å’Œå›½",24
Censored,20
"London, England",19
Hangzhou | Zhejiang | PRC ğŸ‡¨ğŸ‡³,19
"Washington, DC",18
China,18
127.0.0.0,18
Japan,18
Global,18
"Ontario, Canada",18
"New Delhi, India",18
"Wien, Ã–sterreich",17
"Los Angeles, CA",17
"California, USA",16
France,16
ëŒ€í•œë¯¼êµ­ ì„œìš¸,15
"Seoul, Korea ",15
Canada,15
Singapore,14
"Tokyoâ¡Kumamoto,Japan",14
"City of London, London",14
UK,14
Germany,14
é–¢æ±åœ°æ–¹ JAPAN      æ¸¬å®šå™¨ï¼šDC100,13
onmyoji,13
"New York, USA",13
"Seoul, Korea",12
Malaysia,12
Hong Kong is part of China,12
"Headquartered in Beijing, PRC",12
ã¾ã»ã‚ã° ã‚„ã¾ã®ã¹ã®ã¿ã¡,12
"Beijing, CHINA",12
Australia,11
Shanghai,10
"Dublin City, Ireland",10
Worldwide,10
United Kingdom,9
ITALY,9
"Jakarta, Indonesia",8
"New York, NY",8
ğŸŒ,8
The United Kingdom ,8
"Vienna, Austria",8
Jamaica- Trinidad &Tobago,8
"Dhaka, Bangladesh",8
ğŸ‡¦ğŸ‡º Australia  ,8
"Lucknow Canttonment Zone, Luck",8
"Chicago, IL",8
"London, UK",8
"Mumbai, India",7
Berlin,7
Shenzhen,7
"Berlin, Germany",7
XINJIANG,7
"Paris, France",7
"San Francisco, CA",7
"Amsterdam, The Netherlands",7
æµ·åƒå±±åƒ ,7
Shanghai China,7
"Melbourne, Victoria",7
Auckland,6
"Brampton, Ontario",6
Denmark,6
å°ç£,6
æ¶äººè°·,6
"Whitehouse, OH",6
NIBIRU PLANET X,6
Barquisimeto-Venezuela,6
"ä¸Šæµ·, ä¸­åäººæ°‘å…±å’Œå›½",6
"NÃ¼rnberg, Bayern",6
"Hong Kong, China",6
England,6
"Geneva, Switzerland",6
At Gold's Gym making gains.,6
"Seoul, South Korea",6
mars,5
Alpha Centauri  ,5
new york,5
"Karimnagar, India",5
My dog â„ğŸ•â„ @SnowdogChampion,5
Ahmedabad,5
South Africa,5
"Canterbury Region, New Zealand",5
tokyo,5
Ireland,5
"Birmingham, England",5
"Berlin, Deutschland",5
"Midland, Texas",5
